<?xml version="1.0" encoding="UTF-8" standalone="no"?>
<!DOCTYPE properties SYSTEM "http://java.sun.com/dtd/properties.dtd">
<properties>
<comment/>
<entry key="0_p_name">Tirar Snapshot por Tempo em Escalonador</entry>
<entry key="0_p_timecond_periodtime">1</entry>
<entry key="0_p_file">/tmp</entry>
<entry key="0_p_timecond_starttime">1466596914000</entry>
<entry key="0_p_enabled">true</entry>
<entry key="0_p_reset_results">false</entry>
<entry key="0_p_timecond_periodunits">1</entry>
<entry key="0_p_snapshot">profdata</entry>
<entry key="0_p_timecond_repeats">true</entry>
<entry key="0_p_target">project</entry>
</properties>
